{
    "total_runtime": 420.232816696167,
    "num_documents": 1,
    "input_load_time": 0,
    "workflows": {
        "create_base_text_units": {
            "overall": 0.4575667381286621,
            "0_orderby": 0.0,
            "1_zip": 0.0080413818359375,
            "2_aggregate_override": 0.01720261573791504,
            "3_chunk": 0.3337514400482178,
            "4_select": 0.008005857467651367,
            "5_unroll": 0.0216066837310791,
            "6_rename": 0.007932662963867188,
            "7_genid": 0.003861665725708008,
            "8_unzip": 0.008290529251098633,
            "9_copy": 0.009147405624389648,
            "10_filter": 0.031478166580200195
        },
        "create_base_extracted_entities": {
            "overall": 237.84304118156433,
            "0_entity_extract": 237.80179071426392,
            "1_merge_graphs": 0.035527706146240234
        },
        "create_summarized_entities": {
            "overall": 0.024831533432006836,
            "0_summarize_descriptions": 0.016540050506591797
        },
        "create_base_entity_graph": {
            "overall": 0.1608424186706543,
            "0_cluster_graph": 0.1251976490020752,
            "1_select": 0.016457557678222656
        },
        "create_final_entities": {
            "overall": 0.6882131099700928,
            "0_unpack_graph": 0.016201257705688477,
            "1_rename": 0.032546281814575195,
            "2_select": 0.025770902633666992,
            "3_dedupe": 0.023149728775024414,
            "4_rename": 0.026127099990844727,
            "5_filter": 0.07391190528869629,
            "6_text_split": 0.04415440559387207,
            "7_drop": 0.031218290328979492,
            "8_merge": 0.03428030014038086,
            "9_text_embed": 0.267716646194458,
            "10_drop": 0.02441549301147461,
            "11_filter": 0.08088231086730957
        },
        "create_final_nodes": {
            "overall": 0.5375237464904785,
            "0_layout_graph": 0.045635223388671875,
            "1_unpack_graph": 0.027731657028198242,
            "2_unpack_graph": 0.02080225944519043,
            "3_filter": 0.06402111053466797,
            "4_drop": 0.029272079467773438,
            "5_select": 0.03381943702697754,
            "6_rename": 0.02533102035522461,
            "7_convert": 0.15834879875183105,
            "8_join": 0.05562305450439453,
            "9_rename": 0.03538107872009277
        },
        "create_final_communities": {
            "overall": 0.08959364891052246,
            "0_create_final_communities": 0.06709790229797363
        },
        "create_final_relationships": {
            "overall": 0.10656857490539551,
            "0_create_final_relationships_pre_embedding": 0.027524471282958984,
            "1_create_final_relationships_post_embedding": 0.05480146408081055
        },
        "create_final_text_units": {
            "overall": 0.2559092044830322,
            "0_create_final_text_units_pre_embedding": 0.148176908493042,
            "1_select": 0.059319257736206055
        },
        "create_final_community_reports": {
            "overall": 175.7477376461029,
            "0_prepare_community_reports_nodes": 0.04756784439086914,
            "1_prepare_community_reports_edges": 0.05129528045654297,
            "2_restore_community_hierarchy": 0.03299450874328613,
            "3_prepare_community_reports": 0.07514691352844238,
            "4_create_community_reports": 175.46776366233826,
            "5_window": 0.03199434280395508
        },
        "create_base_documents": {
            "overall": 0.588566780090332,
            "0_unroll": 0.0435025691986084,
            "1_select": 0.056317806243896484,
            "2_rename": 0.04926347732543945,
            "3_join": 0.06334376335144043,
            "4_aggregate_override": 0.057039499282836914,
            "5_join": 0.05021023750305176,
            "6_rename": 0.03050374984741211,
            "7_convert": 0.2077040672302246
        },
        "create_final_documents": {
            "overall": 0.06582212448120117,
            "0_rename": 0.03295707702636719
        }
    }
}